model,pred_anomaly_rate,true_anomaly_rate
mlp_torch,0.2619933829611249,0.16373035566583954
logreg,0.09061207609594707,0.16373035566583954
rf,0.025930521091811414,0.16373035566583954
svm_rbf,0.025806451612903226,0.16373035566583954
