model,pred_anomaly_rate,true_anomaly_rate
mlp_torch,0.18593879239040528,0.1600496277915633
logreg,0.1857733664185277,0.1600496277915633
svm_rbf,0.1856492969396195,0.1600496277915633
rf,0.1849048800661704,0.1600496277915633
